7,35,36,54,65,83,85,93,95,97,106,109,110,111,112,113,136,140,151,152,162,195,211,213,247,264,268,276,306,307,313,315,319,320
20,29,36,61,68,93,100,106,113,126,162,191,210,213,216,222,225,233,265,313,316,319
21,39,51,59,71,74,76,84,86,97,99,121,131,154,170,193,196,204,218,219,229,232,245,254,272,282,283,293,295,312,314,316
31,93,105,167,183
18,34,61,222,265
20,34,42,61,126,222,225,233,265,300
1,15,28,36,43,45,61,62,64,66,82,83,97,106,108,109,110,113,115,125,126,135,142,146,152,157,162,165,178,184,202,207,213,220,221,233,240,260,268,270,287,292,313,315,320
94,147,189,231,273
87,153,265
130,184,257,283
17,40,73,78,97,98,149,213,301,309
61,113,144,162,183,202,218,221,224,233,259,291,313,315
14,33,107,231
13,49,70,75,81,88,111,113,118,119,120,124,139,145,156,157,159,164,181,182,183,221,226,231,250,259,262,275,285,296,302,310,312,318
7,19,25,27,28,43,48,61,64,66,108,109,115,165,178,195,220,251,266,270
36,38,60,68,69,213,261,277,304,319
11,19,73,96,97,111,142,145,192,213,219,242,279,291,293,315
5,34,42,61,100,222,233
15,17,20,24,36,40,43,62,63,73,90,106,148,149,151,176,191,195,211,213,218,219,220,222,236,242,246,248,279,309,312,320
2,6,19,29,34,36,42,61,62,76,85,93,100,106,110,111,113,125,126,132,156,162,191,193,213,222,225,230,233,265,268,291,293,300,313
3,59,63,65,71,92,97,149,197,246,254
113,207,213
90,239,290,312
19,40,62,145,186,220,221,279
15,64,68,109,178,220,251,266,270
80,91,107,155,203,207,210,213,227,234,264,273,306,307
15,43,64,79,109,115,128,158,208,209,240,251,256,266,270,289,294,313
7,15,61,64,129,146,165,169,199
2,20,39,71,97,131,229,284,293
147,273
4,57,91,93,105,203,227,228,244,263,306,315
78,93,106,140,200,213,216,217,247,253,319
13,78,200,213,215,227,319
5,6,18,20,42,61,78,100,126,185,191,219,222,233,265,300
1,65,78,97,109,151,161,192,195,213,277,320
1,2,7,16,19,20,43,62,65,68,76,81,93,95,97,106,107,110,112,113,116,132,140,151,153,162,168,176,191,195,207,210,211,213,214,218,240,247,273,291,293,307,313,315,319,320
98,142,197,213,301
16,60,69,261
3,29,53,76,99,126,131,196,197,213,218,229,284,291,293,295,314,316
11,19,24,97,142,145,163,176,197,213,221,308
72,90,138,218,239,312
6,18,20,34,61,85,100,126,156,191,225,265
7,15,19,27,36,45,97,109,111,113,138,142,145,162,176,202,220,255,260,276,279,280,297,313
162,183,213
7,43,109,111,113,115,125,142,157,158,183,184,202,220,260,266,313,315
217,315
101,187,189,238,305
15,220,297
14,97,221,273,286,312,319
111,145,197,221,242,301
3,71,74,78,84,86,99,121,131,163,196,204,211,236,245,272,281,282,283,293,312,314,316
92,102,122,149,174,213
39,291
1,65,113,135,140,162,240
74,84,86,156,295
97,156,195,218,235,312
31,91
113,184,217,243,257,287
3,21,71,74,133,196,197,213,227,254,286,291,295
16,38,69,261,304
2,5,6,7,12,15,18,20,28,34,42,64,68,77,85,93,100,106,110,111,113,115,125,126,142,152,157,165,178,184,202,210,213,214,217,220,222,225,233,260,265,266,293,297,299,313,315,320
7,19,20,24,36,68,93,95,106,110,112,113,126,140,152,177,207,210,220,233,241,247,249,252,271,277,311,313,320
19,21,65,78,92,97,126,127,137,149,191,195,211,218,221,223,238,265,292,303,312,319,320
7,15,25,27,28,61,66,108,109,157,165,220,260,266,270,278,297
1,21,35,36,54,63,77,80,82,97,109,113,126,135,136,138,142,151,152,156,162,195,197,211,213,224,270,276,313,317
7,15,64,108,260,270,278
142,258
2,16,25,36,61,62,93,107,109,112,113,132,151,207,213,214,217,247,276,277,313,315,319
16,38,60,261
14,183
3,21,29,51,59,74,84,86,111,121,130,131,154,163,170,188,239,245,282,283,291,312,316
41,94,97,102,138,151,218,239,264,312
11,17,19,96,97,98,163,173,197,219,242
3,51,55,59,71,84,97,121,131,154,166,193,196,213,291,293,295,314,316
14,78,84,111,117,139,142,150,182,183,210,218,224,236,273,308,315
3,20,36,39,82,97,98,109,111,113,116,131,142,193,197,213,229,268,287,291,315
61,65,152
11,32,33,34,35,51,63,75,80,81,84,92,93,97,106,107,123,126,132,134,140,151,152,155,166,172,175,180,200,205,210,212,213,216,218,227,230,233,242,246,247,265,269,277,307,312,316,319
27,256,294
26,65,78,93,106,107,112,117,122,134,140,151,155,162,166,167,172,207,210,213,222,227,233,246,248,265,273,277,286,291,315,319
14,36,78,91,93,106,107,151,203,207,217,247,273,312,315,319
7,65,76,96,97,108,109,113,114,115,142,166,192,202,218,221,276,279,280,297,313
1,7,97,138,260,292,303,315
3,51,55,71,74,75,78,121,131,133,154,163,170,196,197,204,282,283,293,314,316
1,20,42,61,100,113,191,213,217,222,225,233,265,299,301
3,51,55,71,131,196,206,274,283,295,312,316
9,213
14,112,145,287,310
129,199
19,23,41,227,239,248,263,290,312
26,31,57,81,93,105,112,150,151,167,190,203,214,218,227,228,244,263,264,288,306,307,315
21,52,63,78,127,137,141,149,174,246,319
1,2,4,20,31,32,36,61,62,68,78,80,81,91,97,106,110,112,117,123,125,126,134,140,151,152,155,156,162,167,168,172,175,185,190,191,200,203,205,210,211,213,214,215,216,222,225,227,228,233,247,264,265,268,277,279,288,300,306,307,313,315,319,320
8,72,164,187,189,231,238
1,36,62,113,140,213,315
17,73,82,97,114,145,161,176,192,197,202,219,221,242,279,298
1,3,7,11,17,21,29,35,36,40,43,49,56,63,65,72,73,74,76,78,82,83,93,96,103,106,108,111,113,114,115,123,136,137,138,140,142,147,152,153,156,168,183,186,191,192,195,201,207,210,211,213,217,218,219,223,227,235,236,238,239,246,247,248,262,265,279,280,284,287,290,291,295,298,301,303,312,316,320
11,37,73,76,131,163,176,197,258,268,314
3,39,51,131,143,196,254,284,293,295,316
2,18,20,34,42,61,85,126,191,222,230,233,242,265
47,259,273
52,72,239,255,312
97,111,114,132,142,192,219,221,280
151,213,273
4,31,91,150,213,227,228,263,279,315
1,2,7,19,20,32,36,61,62,78,80,81,93,97,107,109,110,112,113,122,123,126,132,134,140,142,152,162,166,167,172,175,185,200,205,207,210,211,213,214,216,218,220,224,227,233,234,236,240,248,264,265,273,276,277,286,287,293,306,307,308,312,313,315,316,319,320
13,26,36,68,78,80,81,106,123,134,140,207,210,212,213,216,227,231,233,264,277,286,307,315,319
7,15,64,66,82,97,109,113,152,251,267,270,313
1,7,15,25,27,35,43,45,64,65,68,76,82,106,108,113,115,117,142,146,150,162,184,202,213,224,260,266,267,291,313,315
1,7,20,36,61,62,93,106,112,113,126,140,142,157,162,184,202,207,213,225,233,234,268,313,315,319
1,14,17,20,43,45,50,61,71,75,76,97,103,113,125,132,145,151,156,176,181,183,184,185,211,213,221,224,225,227,233,265,276,277,279,286,287,295,298,301,306,319
1,36,62,68,80,88,91,93,106,110,113,151,162,167,203,213,214,227,228,263,264,268,287,288,306,315,319
1,2,7,12,14,20,22,36,43,45,54,58,61,62,65,68,76,82,85,95,97,106,108,109,110,111,112,115,116,117,125,132,135,136,140,142,150,152,159,162,176,183,184,193,194,195,202,207,213,214,224,225,233,240,243,262,265,268,270,276,279,280,286,287,291,292,313,315,320
82,96,97,103,142,161,176,192,221,276,279,298
7,15,27,45,61,82,97,109,113,132,142,202,220,221,260,266,276,280,301,313
36,76,113,197,293
75,80,93,109,113,166,183,218,223,224,287,315
14,145,159,183,250
14,124,139,157,203,216,259,275
14,157
3,51,71,74,84,131,154,170,196,272,282,316
52,80,106,140,319
78,93,97,106,107,126,140,151,175,203,205,211,213,233,269,319
14,119,183,259,285
7,20,45,61,93,111,113,178,195,213,251
2,6,7,20,34,39,42,61,62,63,65,78,93,100,106,110,123,140,155,162,191,210,222,225,233,265,279,291,293,300,307,319,320
63,92,141,149,213,218,246,312,315,319
27,183,209,256
28,89,169,199
10,71,257
3,29,39,51,71,74,76,84,86,98,99,121,154,163,193,196,204,245,272,284,314,316
20,36,68,78,103,106,111,113,115,134,142,145,151,156,172,176,213,219,221,276,277,279,286,291,319
59,84
78,80,93,106,107,132,151,156,172,180,213,247,277,319
7,54,65,113,162
1,65,97,113,213,276,315
63,92,97,138,141,149,218,246,315,319
41,43,65,72,83,97,137,150,153,218,292,303
14,75,119,157,164,182,231,275,285,296,302,310
1,32,36,54,62,78,80,93,95,97,106,107,110,113,122,123,126,142,152,162,172,175,184,207,213,216,264,273,297,307,319
92,127,137,149,315
7,17,37,40,43,45,61,65,67,75,76,82,97,103,106,109,110,113,114,115,132,140,150,157,158,161,162,163,166,176,192,202,211,213,218,220,221,260,266,276,279,280,289,291,297,301,308,313,315
99,295,316
12,150,183
14,17,24,40,43,50,88,96,111,118,132,161,166,197,221,238,279,301
7,28,109,260,270
8,30,97,187,189,210,217,235,254,273,301,312
19,219,309
11,19,21,52,63,92,127,137,141,246,264,312
75,91,105,109,113,138,142,144,176,221,224,260,276,292
1,19,35,36,65,68,72,78,80,81,91,93,104,111,112,123,132,134,153,156,172,175,185,203,205,210,211,213,216,218,221,227,235,268,273,277,280,286,306,307,312,315,317,319,320
1,7,61,62,65,77,78,93,97,106,108,113,140,162,176,180,207,213,216,233,307,313,319,320
9,36,97,138,151,211,213,218,265,273,320
3,71,74,84,121,131,291
26,78,80,93,126,167,213,214,227,228,233,237,288,307,315
14,20,42,55,56,65,93,97,111,132,134,151,166,173,183,196,201,211,213,218,219,248,287,312,316
7,14,45,61,64,110,119,120,139,142,183,184,220,275,302,318
27,45,142,251,260
14,113,118
206,283,293,295,316
35,96,114,142,145,192,217,221
1,2,7,12,20,36,43,44,54,65,80,93,106,109,110,112,113,126,135,140,142,152,195,197,207,210,213,214,224,240,267,268,280,291,293,313,315,320
40,51,71,73,84,98,131,142,196,197,221,258,314
14,94,139,183,260,315
7,15,28,61,64,178,220,266
74,78,80,82,106,117,142,145,156,176,183,191,193,197,201,213,218,221,227,255,265,279,280,293,308,312,314,315,316
4,80,91,93,106,112,155,214,264,306,315,319
36,93,97,197,213,312,319
28,129,199
3,71,84,121,245,272,282,314,316
245,272,281
78,80,93,106,132,134,140,151,180,200,213,253
73,156,206,217,219,242,283,295,315
52,92,246
78,93,106,123,140,151,185,205,210,211,213,216,227,269,312,319
19,36,40,43,96,98,111,113,114,132,142,150,152,166,191,192,195,197,207,219,221,280,298,301
62,241,249,252,271,311
7,15,25,61,125,165,187,202,220,260,266,270
203,317
78,134,152,172,205,216,319
14,111,183
14,75,139,183
4,12,14,44,45,70,75,97,111,113,117,118,124,128,144,156,157,164,166,181,182,231,250,259,275,285,287,296,310,312,318
7,10,45,58,61,109,110,111,113,140,157,198,202,213,243,257,315
34,93,106,111,151,175,210,213,216,247,253,260,315,319
24,97,218,239,290
47,94,147,178,189,217,244,264,273
71,196,213,282,314,316
8,47,94,147,187,231,238,273,320
91,93,264
2,19,20,34,36,42,63,85,93,97,100,126,166,176,213,221,233,265,279,280,320
17,35,82,96,97,103,114,142,161,176,219,242,279,298
3,20,74,76,113,131,166,194,196,213,291,293,316
113,193,213,293,315
1,15,19,35,36,56,63,65,97,113,125,162,176,211,218,280,292,301,312,320
3,39,51,59,74,84,86,99,121,131,156,163,188,193,197,283,295,316
21,37,39,40,50,59,65,73,76,84,96,98,116,145,162,163,166,168,176,196,203,213,218,221,254,268,293,314
184,217,257
28,89,129,169,294
32,33,78,93,106,172,213,216,233,316,319
97,156,166,218,236,312
7,12,43,45,61,82,96,109,110,113,115,142,178,184,213,214,220,221,260,276,279,280,293,297,313,315
26,31,81,91,93,112,119,123,151,179,197,205,216,218,227,228,241,249,252,263,264,273,288,306,307,312,315,320
3,51,84,131,282,314,316
78,93,106,123,151,175,180,203,211,213,216,224,319
86,160,173,283,295
7,22,26,36,62,68,80,81,97,106,107,110,113,140,152,162,176,213,227,240,264,306,307,313,315,319
27,256
27,128
2,26,36,61,62,75,78,80,93,97,106,107,126,147,151,162,175,185,213,216,227,230,233,236,265,273,307,315,319,320
1,19,36,51,63,65,93,97,106,111,123,142,151,153,156,175,195,205,213,216,217,218,227,235,236,246,286,287,291,306,307,312,315,319,320
78,107,216,247,253,319
1,2,7,11,16,17,19,20,22,26,32,33,35,36,37,39,40,44,52,59,61,65,68,74,76,78,80,85,87,93,95,97,104,105,106,107,109,110,111,112,113,123,125,127,132,134,136,140,142,151,152,153,155,156,162,166,168,172,175,184,185,188,191,193,194,197,200,202,205,207,210,211,214,216,217,218,221,222,227,230,233,234,235,236,237,247,248,261,262,263,265,268,273,276,277,280,286,287,291,293,301,304,306,307,308,309,312,313,315,316,317,319,320
36,61,68,91,93,106,112,113,155,162,167,202,213,225,244,263,288,313,315
33,93
2,32,78,93,106,107,119,140,151,152,175,180,185,200,203,205,210,211,212,213,247,253,306,319
32,46,58,61,68,81,85,97,147,161,173,187,198,211,213,241,257,273,287,301,312,315
3,12,19,36,39,41,56,63,72,75,78,82,91,97,106,117,127,137,138,142,151,153,156,166,186,195,197,201,203,211,213,221,227,235,239,248,254,265,291,293,306,307,312,315,316,319,320
3,17,19,34,73,96,97,103,132,148,156,173,176,192,221,222,242,258,279
7,15,19,24,25,43,45,48,61,62,64,106,115,142,157,165,178,202,266,279,289,297,313
7,12,14,24,40,49,50,63,82,96,103,111,114,115,132,142,145,150,151,161,163,166,176,191,197,202,213,218,219,260,273,276,279,283,297,301,308,312,315
2,5,6,18,19,20,34,61,80,85,93,100,126,213,219,225,230,233,265,300,319,320
63,97,117,246,259,292
12,65,75,106,109,111,113,117,150,162,205,315
2,6,20,42,61,85,93,110,111,113,126,214,222,233,265,299,300,315
14,310
26,31,33,59,78,80,90,91,93,97,105,106,107,111,112,151,155,166,175,203,207,210,211,213,218,228,244,254,263,264,273,277,284,286,287,288,306,307,312,315,319
31,91,93,105,112,155,203,227,263,288,315
3,29,39,76,282
20,78,100,210,213,222,233,265,319
8,13,14,94,107,139,183,189,273,296,318
3,312
2,6,7,12,18,20,34,61,62,78,80,85,93,100,106,107,110,111,113,123,126,152,155,191,200,210,213,222,225,230,241,265,293,300,315,319,320
26,106,110,213,307,315,318,319
56,97,147,151,211,213,218,236,273,312,315,319
19,51,75,97,106,201,210,211,213,235,312
155,213
47,63,94,97,145,189
23,41,71,72,90,97,102,186,218,248,290,312
7,27,36,54,106,113,162,207,291,313,315
62,177,203,217,233,249,252,271,277,311,319
17,19,50,73,78,96,100,173,192,219,279,301
58,113,184
31,91,187,214,227,273,288,306,315
3,51,71,131,170,171,272,281,282,314
19,21,78,80,92,97,127,137,149,174,211,223,264,265,292,312,319,320
1,32,36,62,68,78,81,93,97,134,185,212,213,216,253,319
19,80,90,97,106,156,213,218,239,290,306,312
62,177,203,241,252,271,311
14,118,183,259,285
15,25,27,108,125,158,270
62,177,203,241,249,271,311
32,172,185,212,216,247
3,21,59,99,147,197,218,227,295,313,315,316
43,102,166,305
27,79,128,208,270,294
10,58,130,184,198,217
67,98,163,219
12,14,101,119,124,183,223,250,275,285,302
7,43,45,61,64,66,83,109,115,142,146,150,158,164,178,185,202,221,289,313,315
16,38,60,69,213,304
14,97,113,213,280
31,90,91,105,112,203,213,214,227,228,264,288,306,312,315
1,26,72,91,93,106,107,112,140,149,167,187,190,203,207,227,246,263,273,288,312,315,319
2,5,6,9,20,34,42,61,63,78,80,85,93,97,100,106,111,113,126,153,166,191,210,213,218,222,225,230,233,246,273,300,312,319,320
15,25,27,45,61,64,109,115,142,165,178,220,270,297
108,109,162
1,7,20,76,93,98,110,112,113,151,162,197,213,313,319
78,123,175
7,15,25,27,64,65,66,108,113,146,178,251,256,266,278,297,313
62,177,241,249,252,311
3,51,121,131,170,171,245,281,282,314,316
8,26,30,36,49,75,80,81,101,104,106,140,147,151,153,187,189,203,210,213,217,221,227,231,235,244,264,265,306,307,312,315,317,320
86,295
14,119,139,157,183,259,285,302
1,43,65,68,82,106,111,113,114,115,132,136,142,150,202,213,221,280,301,313
16,35,62,68,78,80,93,106,107,111,132,134,151,213,227,241,286,291,319
64,66,270
17,19,24,43,82,93,96,97,105,111,113,114,126,132,142,145,166,191,192,202,219,220,221,242,280,297,298
43,82,97,103,113,115,142,151,162,166,176,191,195,202,213,262,276,279,308,312,315,320
51,171,245,272,282
3,51,71,84,121,170,188,204,229,245,272,281,312,314,316
3,10,51,71,84,86,160,173,196,206,221,293,295,312,314,316
29,39,97,99,131,227
14,124,139,183,250,259,275,302
49,59,80,106,107,111,113,132,151,211,213,227,277,287,307,319
7,58,76,88,97,106,111,112,113,117,156,183,211,213,217,227,286,315,319
91,93,112,155,203,214,227,228,244,263,264,315
27,142,220,260,313
23,90,97,186,239,248,312,316
12,17,20,36,39,53,59,71,74,76,80,97,109,113,126,132,142,154,162,193,211,213,218,240,277,293,295,316
7,63,83,113,138,150,195,223,246,303
3,17,20,29,36,39,51,61,74,84,99,106,116,126,160,162,166,193,194,197,202,213,218,233,283,291,295,315,316
27,79,199,256
3,39,55,59,74,86,97,99,111,143,160,173,196,206,254,274,283,291,293,314,316
14,139,183,231
43,48,61,64,82,140,142,202,220,221,266,270,279
96,97,111,114,176,192,279,315
61,85,225,320
6,20,34,93,126,222,225,233,265,320
11,37,50,85,97,111,115,142,145,147,176,195,213,217,221,242,276
14,139,157,259,275,285
63,83,97,138,292
16,60,213,261,319
47,255
1,26,31,91,93,106,111,112,151,167,203,207,211,213,216,218,227,244,248,263,273,315,319
1,26,36,78,91,93,106,107,126,140,151,152,155,203,207,210,211,213,218,227,234,273,286,315,319
40,75,106,142,166,213,221,280,315
11,19,148,213
14,88,139,183,226
62,177,241,249,252,271
3,14,19,23,41,49,51,56,63,71,72,78,81,86,90,97,102,106,127,147,149,151,156,166,168,175,183,195,201,203,211,213,217,218,221,227,232,235,236,239,246,248,263,264,265,273,280,282,283,290,314,315,316,319,320
1,2,7,12,20,27,36,43,45,61,62,65,68,82,93,106,108,109,110,113,115,142,152,162,202,207,213,214,220,240,254,260,268,270,276,289,315
3,39,51,74,84,98,131,163,166,170,188,197,204,245,272,282,283,295,312,316
1,7,12,17,31,36,45,46,61,68,75,76,80,81,83,91,93,95,105,106,107,109,110,112,113,117,127,136,137,141,142,151,155,162,164,166,167,173,184,185,194,202,203,207,210,211,213,214,217,218,221,224,225,227,228,233,234,235,240,244,254,260,263,264,273,280,287,288,293,298,306,307,308,312,313,319
2,3,39,51,71,74,78,84,86,97,99,106,121,131,143,156,160,166,170,188,193,196,200,204,213,218,254,272,282,283,290,291,293,295,312,314,320
65,151,179,213,273
14,157,183,231,234
1,2,16,32,33,36,49,63,68,78,80,81,92,93,106,107,110,111,112,122,123,126,127,132,134,137,140,151,152,167,168,175,180,185,200,205,207,210,211,212,213,216,218,222,227,230,233,234,235,241,246,247,264,265,268,277,286,287,304,306,307,312,315,320
1,7,19,35,36,61,62,63,93,97,106,113,126,151,152,153,162,189,191,195,203,210,211,213,218,222,233,246,265,273,280,299,300,312,316,319
